Date,Price,Volume
2012-11-13,8.53,1150000
2012-11-15,7.3,4031000
2012-11-16,6.75,3000000
2012-11-20,6.47,4478500
2012-11-20,6.56,868000
2012-11-22,6.64,4478500
2012-11-23,6.75,3000000
2012-11-27,6.7,4837500
2012-11-29,6.68,4837500
2012-11-30,6.23,3000000
2012-12-04,5.82,5301500
2012-12-06,6.3,5301500
2012-12-07,6.42,3000000
2012-12-10,6.63,1250000
2012-12-11,6.91,5515500
2012-12-13,6.55,5515500
2012-12-14,6.57,2531000
2012-12-17,6.29,1250000
2012-12-18,6.45,5584500
2013-01-07,6.18,3545000
2013-01-08,6.35,3544500
2013-01-10,5.93,3544500
2013-01-11,5.75,4020000
2013-01-14,5.55,3544500
2013-01-15,5.77,3544500
2013-01-17,5.36,3544500
2013-01-21,4.7,3544500
2013-01-22,4.88,3544000
2013-01-24,4.58,3544000
2013-01-25,3.88,5025000
2013-01-28,3.9,3472500
2013-01-29,3.88,3472500
2013-01-31,3.43,3472500
2013-02-01,3.15,5025000
2013-02-04,4.0,3472500
2013-02-05,4.1,3472000
2013-02-07,4.24,3472000
2013-02-08,4.32,5025000
2013-02-11,4.19,3472000
2013-02-12,4.44,3472000
2013-02-14,5.0,3472000
2013-02-15,4.96,5025000
2013-02-18,5.14,3553000
2013-02-19,4.31,3460500
2013-02-21,4.68,3460500
2013-02-25,4.76,3460500
2013-02-26,4.13,3460500
2013-02-26,4.29,2000000
2013-02-28,4.38,3460500
2013-03-01,4.64,5025000
2013-03-04,4.54,3460000
2013-03-05,4.41,3460000
2013-03-05,4.34,2000000
2013-03-07,4.12,3460000
2013-03-08,4.15,5025000
2013-03-11,4.01,3460000
2013-03-12,3.66,2000000
2013-03-14,3.36,4286500
2013-03-15,3.47,5025000
2013-03-18,3.47,4454000
2013-03-19,3.32,3565000
2013-03-19,3.33,4451000
2013-03-20,3.67,1568500
2013-03-21,4.06,4448500
2013-03-22,4.23,5025000
2013-03-25,4.1,3587500
2013-03-26,4.72,749000
2013-03-26,4.54,3587500
2013-03-28,4.72,3587500
2013-04-02,4.4,3587500
2013-04-04,4.69,3587500
2013-04-05,5.05,4020000
2013-04-08,4.98,3587500
2013-04-09,4.9,3554000
2013-04-11,4.3,3554000
2013-04-12,4.4,4020000
2013-04-15,4.68,3554000
2013-04-16,4.67,3553500
2013-04-18,2.75,3553500
2013-04-19,3.1,4020000
2013-04-22,2.77,3462000
2013-04-23,2.65,3462000
2013-04-23,2.76,2587500
2013-04-24,2.99,865000
2013-04-25,2.91,3462000
2013-04-25,2.95,2587000
2013-04-26,2.95,4020000
2013-04-29,3.04,3462000
2013-04-30,3.23,3462000
2013-05-02,2.9,3462000
2013-05-03,2.95,4020000
2013-05-06,3.65,3462000
2013-05-07,3.68,3462000
2013-05-10,3.52,4020000
2013-05-13,3.23,3462000
2013-05-14,3.23,3462000
2013-05-16,3.47,3462000
2013-05-17,3.55,4020000
2013-05-21,3.49,3462000
2013-05-23,3.2,3462000
2013-05-24,3.3,4020000
2013-05-27,3.41,3462000
2013-05-28,3.5,3462000
2013-05-30,3.65,3462000
2013-05-31,3.96,4020000
2013-06-03,3.8,3461500
2013-06-04,3.9,3461500
2013-06-06,3.9,3461500
2013-06-07,4.12,4020000
2013-06-10,4.14,3461500
2013-06-11,3.97,3461500
2013-06-13,4.55,3461500
2013-06-14,4.4,4020000
2013-06-17,4.65,3461500
2013-06-18,4.63,3461500
2013-06-20,4.3,3461500
2013-06-21,4.33,4020000
2013-06-24,4.19,3461500
2013-06-25,4.04,3461500
2013-06-27,4.31,3461500
2013-06-28,4.31,4020000
2013-07-01,4.06,3461500
2013-07-02,4.23,3461500
2013-07-04,4.55,3461500
2013-07-05,4.4,4020000
2013-07-08,4.16,3461500
2013-07-09,4.2,3461500
2013-07-11,4.06,3461500
2013-07-12,3.95,4020000
2013-07-15,3.99,3461500
2013-07-16,4.11,3461500
2013-07-18,4.1,3461500
2013-07-19,4.06,4020000
2013-07-22,4.1,3461500
2013-07-23,4.26,3461500
2013-07-25,4.3,3461500
2013-07-26,4.28,4020000
2013-07-29,4.24,3461500
2013-07-30,4.33,3461500
2013-08-01,4.36,1768500
2013-08-02,4.3,2010000
2013-08-05,4.4,1768500
2013-08-06,4.39,1768500
2013-08-08,4.43,1768500
2013-08-09,4.48,2010000
2013-08-12,4.4,1768500
2013-08-13,4.28,1768500
2013-08-16,4.33,2010000
2013-08-19,4.31,1768500
2013-08-20,4.28,1768500
2013-08-22,4.43,1768500
2013-08-23,4.49,2010000
2013-08-27,4.44,1768500
2013-08-29,4.57,1768500
2013-08-30,4.54,2010000
2013-09-02,4.49,3461500
2013-09-03,4.38,3461500
2013-09-05,4.75,3461500
2013-09-06,5.05,4020000
2013-09-09,5.38,3461500
2013-09-10,5.13,3461500
2013-09-12,5.3,3461500
2013-09-13,5.37,4020000
2013-09-16,5.42,3661000
2013-09-16,5.38,3461500
2013-09-17,5.44,3461500
2013-09-19,5.4,3461500
2013-09-20,5.3,4020000
2013-09-23,5.37,3661000
2013-09-23,5.24,3461500
2013-09-24,5.47,3461500
2013-09-26,5.33,3461500
2013-09-27,5.38,4020000
2013-09-30,5.15,3661000
2013-09-30,5.21,3461500
2013-10-01,5.05,3461500
2013-10-04,5.12,4020000
2013-10-07,5.05,3661000
2013-10-07,5.1,3461500
2013-10-08,4.88,3461500
2013-10-10,4.7,3461500
2013-10-11,4.58,4020000
2013-10-14,4.54,3461500
2013-10-14,4.56,3661000
2013-10-15,5.07,3461500
2013-10-17,5.27,3461500
2013-10-18,5.14,4020000
2013-10-21,4.78,3660500
2013-10-21,4.94,3461500
2013-10-22,4.64,3461500
2013-10-24,4.58,3461500
2013-10-25,4.61,4020000
2013-10-28,4.85,3461500
2013-10-28,4.81,3660500
2013-10-29,4.78,3461500
2013-10-31,4.87,3461500
2013-11-01,4.63,4020000
2013-11-04,4.64,3660500
2013-11-04,4.58,3461500
2013-11-05,4.7,3461500
2013-11-07,4.73,3461500
2013-11-08,4.78,4020000
2013-11-11,4.45,3461500
2013-11-11,4.47,3660500
2013-11-12,4.57,3461500
2013-11-14,4.63,3461500
2013-11-15,4.46,4020000
2013-11-18,4.38,3461500
2013-11-18,4.33,3660500
2013-11-19,4.44,3461500
2013-11-21,4.44,3461500
2013-11-22,4.48,4020000
2013-11-25,4.38,3660500
2013-11-25,4.38,3461500
2013-11-26,4.41,3461500
2013-11-28,4.41,3442500
2013-11-29,4.36,4020000
2013-12-02,4.33,3442500
2013-12-02,4.36,3660500
2013-12-03,4.47,3442500
2013-12-05,4.49,3442500
2013-12-06,4.7,4020000
2013-12-09,4.65,3660500
2013-12-09,4.71,3442500
2013-12-10,4.8,3442500
2013-12-12,4.77,3442500
2013-12-13,4.84,3670500
2013-12-16,4.71,3442500
2013-12-16,4.69,3660500
2013-12-17,4.7,3999000
2014-01-07,4.65,4018500
2014-01-08,4.69,4445000
2014-01-09,4.56,4018500
2014-01-10,4.45,4600000
2014-01-13,4.52,4018500
2014-01-14,4.73,4018500
2014-01-16,5.01,4018500
2014-01-17,5.04,4600000
2014-01-20,5.05,4018500
2014-01-21,4.93,4018500
2014-01-23,5.02,4018500
2014-01-24,4.97,4600000
2014-01-27,5.34,4018500
2014-01-28,5.47,4018500
2014-01-30,5.55,4018500
2014-01-31,5.6,4600000
2014-02-03,5.48,4018500
2014-02-04,5.93,4018500
2014-02-05,5.97,4445000
2014-02-06,6.01,4018500
2014-02-07,6.45,4600000
2014-02-10,6.34,4018500
2014-02-11,6.3,4018500
2014-02-13,6.21,4018500
2014-02-14,6.31,4600000
2014-02-17,6.7,4018500
2014-02-18,6.74,4018500
2014-02-20,6.92,4018500
2014-02-21,6.85,4600000
2014-02-24,7.1,4018500
2014-02-25,6.85,4018500
2014-02-27,6.47,4018500
2014-02-28,6.83,4600000
2014-03-03,6.97,4018500
2014-03-04,6.65,4018500
2014-03-05,6.89,4445000
2014-03-06,6.71,4018500
2014-03-07,6.72,4600000
2014-03-10,6.93,4018500
2014-03-11,6.81,4018500
2014-03-13,6.51,4018500
2014-03-14,6.19,4600000
2014-03-17,6.15,1927500
2014-03-18,6.0,1927500
2014-03-20,6.0,1927500
2014-03-21,6.1,2352000
2014-03-24,6.08,1927500
2014-03-25,5.8,1927500
2014-03-27,5.35,1927500
2014-03-28,5.1,2352000
2014-03-31,4.17,1927500
2014-04-01,4.9,1927500
2014-04-03,4.6,1927500
2014-04-04,4.75,2352000
2014-04-07,4.72,1927500
2014-04-08,5.03,1927500
2014-04-10,5.0,1927500
2014-04-11,5.26,2352000
2014-04-14,5.3,1927500
2014-04-15,5.23,1927500
2014-04-17,5.46,1927500
2014-04-22,5.62,1927500
2014-04-24,5.77,1927500
2014-04-25,5.52,2352000
2014-04-28,5.21,1927500
2014-04-29,5.39,1927500
2014-05-02,5.28,2352000
2014-05-05,5.03,1927500
2014-05-06,5.25,1927500
2014-05-08,5.09,1927500
2014-05-09,5.1,2352000
2014-05-12,5.28,1873000
2014-05-13,5.34,1873000
2014-05-15,4.75,1873000
2014-05-16,4.72,2352000
2014-05-19,4.6,1873000
2014-05-20,4.59,1873000
2014-05-22,5.23,1873000
2014-05-23,5.08,2352000
2014-05-26,4.98,1873000
2014-05-27,5.05,1873000
2014-05-30,5.1,2352000
2014-06-02,4.94,1873000
2014-06-03,5.19,1873000
2014-06-05,5.5,1873000
2014-06-06,5.41,2352000
2014-06-10,5.45,1873000
2014-06-12,5.4,1873000
2014-06-13,5.63,2352000
2014-06-16,5.68,1873000
2014-06-17,5.55,1873000
2014-06-19,5.6,1873000
2014-06-20,5.56,2352000
2014-06-23,5.64,1873000
2014-06-24,5.84,1873000
2014-06-26,5.77,1873000
2014-06-27,5.7,2352000
2014-06-30,5.82,1873000
2014-07-01,5.8,1873000
2014-07-03,5.97,1873000
2014-07-04,5.91,2352000
2014-07-07,5.5,1873000
2014-07-08,5.6,1873000
2014-07-10,5.72,1873000
2014-07-11,5.64,2352000
2014-07-14,5.7,1873000
2014-07-15,5.88,1873000
2014-07-17,6.07,1873000
2014-07-18,6.0,2352000
2014-07-21,6.02,1873000
2014-07-22,6.1,1873000
2014-07-24,6.1,1873000
2014-07-25,5.99,2352000
2014-07-28,6.05,1873000
2014-07-29,6.1,1873000
2014-07-31,6.11,1873000
2014-08-01,6.29,1176000
2014-08-04,6.27,934000
2014-08-05,6.17,934000
2014-08-07,6.2,934000
2014-08-08,5.93,1176000
2014-08-11,5.95,934000
2014-08-12,6.07,934000
2014-08-14,6.22,934000
2014-08-15,6.18,1176000
2014-08-18,6.34,934000
2014-08-19,6.28,934000
2014-08-21,6.43,934000
2014-08-22,6.34,1176000
2014-08-25,6.3,934000
2014-08-26,6.26,934000
2014-08-28,6.38,934000
2014-08-29,6.4,1176000
2014-09-01,6.25,1873000
2014-09-02,6.35,1873000
2014-09-04,6.25,1873000
2014-09-05,6.04,2352000
2014-09-08,6.25,1873000
2014-09-09,6.23,1873000
2014-09-11,6.07,1873000
2014-09-12,6.06,2352000
2014-09-15,5.95,1873000
2014-09-16,5.81,1873000
2014-09-18,5.83,1873000
2014-09-19,5.94,2352000
2014-09-22,5.98,1873000
2014-09-23,5.9,1873000
2014-09-25,5.72,1873000
2014-09-26,5.8,2352000
2014-09-29,5.85,1873000
2014-09-30,5.68,1873000
2014-10-02,5.74,1873000
2014-10-06,5.67,1873000
2014-10-07,5.67,1873000
2014-10-09,6.06,1873000
2014-10-10,6.03,2352000
2014-10-13,5.88,1873000
2014-10-14,6.01,1873000
2014-10-16,6.16,1873000
2014-10-17,6.23,2352000
2014-10-20,6.03,1873000
2014-10-21,6.15,1873000
2014-10-23,6.16,1873000
2014-10-24,6.35,2352000
2014-10-27,6.33,1873000
2014-10-28,6.26,1873000
2014-10-30,6.38,1873000
2014-10-31,6.35,2352000
2014-11-03,6.3,1873000
2014-11-04,6.56,1873000
2014-11-06,6.61,1873000
2014-11-07,6.6,2352000
2014-11-10,6.7,1873000
2014-11-11,6.68,1873000
2014-11-13,6.78,1873000
2014-11-14,6.7,2352000
2014-11-17,6.64,1873000
2014-11-18,6.91,1873000
2014-11-20,6.93,1873000
2014-11-21,6.88,2352000
2014-11-24,7.02,1873000
2014-11-25,7.05,1873000
2014-11-27,7.09,1873000
2014-11-28,7.02,2352000
2014-12-01,6.95,1873000
2014-12-02,7.0,1873000
2014-12-04,6.77,1873000
2014-12-05,6.66,2352000
2014-12-08,6.58,1873000
2014-12-09,6.6,1873000
2014-12-11,6.65,1873000
2014-12-12,6.64,2335500
2014-12-15,6.6,1873000
2014-12-16,6.93,1727500
2015-01-08,6.7,2918000
2015-01-09,6.71,3198000
2015-01-12,6.59,2918000
2015-01-13,6.77,2918000
2015-01-15,7.1,2918000
2015-01-16,7.05,3198000
2015-01-19,7.06,2918000
2015-01-20,7.25,2918000
2015-01-22,7.02,2918000
2015-01-23,6.81,3198000
2015-01-26,6.76,2918000
2015-01-27,6.82,2918000
2015-01-28,6.76,2854000
2015-01-29,6.92,2918000
2015-01-30,6.96,3198000
2015-02-02,7.06,2918000
2015-02-03,7.06,2918000
2015-02-05,6.87,2918000
2015-02-06,6.92,3198000
2015-02-09,6.86,2918000
2015-02-10,6.88,2918000
2015-02-12,7.29,2918000
2015-02-13,7.35,3198000
2015-02-16,7.66,2918000
2015-02-17,7.62,2918000
2015-02-19,7.37,2918000
2015-02-20,7.26,3198000
2015-02-23,7.2,2918000
2015-02-24,7.66,2918000
2015-02-26,7.29,2918000
2015-02-27,6.93,3198000
2015-03-02,6.9,2918000
2015-03-03,6.82,2918000
2015-03-05,6.96,2918000
2015-03-06,6.7,3198000
2015-03-09,6.66,2918000
2015-03-10,6.67,2918000
2015-03-12,6.61,2918000
2015-03-13,6.26,3198000
2015-03-16,6.36,2918000
2015-03-17,6.45,2918000
2015-03-19,6.7,2918000
2015-03-20,6.7,3198000
2015-03-23,6.94,2918000
2015-03-24,7.02,2918000
2015-03-25,6.77,2854000
2015-03-26,7.0,2918000
2015-03-27,6.9,3198000
2015-03-30,6.81,2918000
2015-03-31,6.79,2918000
2015-04-02,7.14,2918000
2015-04-07,7.08,2918000
2015-04-09,7.12,2918000
2015-04-10,6.96,3198000
2015-04-13,6.82,2918000
2015-04-14,6.77,2918000
2015-04-16,6.82,2918000
2015-04-17,6.83,3198000
2015-04-20,6.88,2918000
2015-04-21,7.07,2918000
2015-04-23,7.06,2918000
2015-04-24,7.27,3198000
2015-04-27,7.33,2918000
2015-04-28,7.16,2918000
2015-04-30,7.52,2918000
2015-05-05,7.5,2918000
2015-05-07,7.5,2918000
2015-05-08,7.43,3198000
2015-05-11,7.5,2918000
2015-05-12,7.62,2918000
2015-05-15,7.48,3198000
2015-05-18,7.54,2918000
2015-05-19,7.51,2918000
2015-05-20,7.38,2854000
2015-05-21,7.3,2918000
2015-05-22,7.25,3198000
2015-05-26,7.28,2918000
2015-05-28,7.2,2918000
2015-05-29,7.22,3198000
2015-06-01,7.23,2918000
2015-06-02,7.26,2918000
2015-06-05,7.4,3198000
2015-06-08,7.38,2918000
2015-06-09,7.48,2918000
2015-06-11,7.58,2918000
2015-06-12,7.52,3198000
2015-06-15,7.54,2918000
2015-06-16,7.48,2918000
2015-06-18,7.45,2918000
2015-06-19,7.41,3198000
2015-06-22,7.43,2918000
2015-06-23,7.45,2918000
2015-06-25,7.52,2918000
2015-06-26,7.5,3198000
2015-06-29,7.36,2918000
2015-06-30,7.36,2918000
2015-07-02,7.42,2918000
2015-07-03,7.42,3198000
2015-07-06,7.33,2918000
2015-07-07,7.35,2918000
2015-07-09,7.43,2918000
2015-07-10,7.52,3198000
2015-07-13,7.64,2918000
2015-07-14,7.72,2918000
2015-07-16,7.69,2918000
2015-07-17,7.6,3198000
2015-07-20,7.76,2918000
2015-07-21,7.92,2918000
2015-07-23,8.04,2918000
2015-07-24,8.01,3198000
2015-07-27,7.98,2918000
2015-07-28,7.95,2918000
2015-07-29,8.03,2854000
2015-07-30,8.0,2918000
2015-07-31,7.82,3198000
2015-08-03,7.91,1459000
2015-08-04,7.94,1459000
2015-08-06,7.83,1459000
2015-08-07,7.79,1599000
2015-08-10,7.78,1459000
2015-08-11,7.95,1459000
2015-08-13,8.18,1459000
2015-08-14,8.15,1599000
2015-08-17,8.26,1459000
2015-08-18,8.17,1459000
2015-08-20,8.31,1459000
2015-08-21,8.31,1599000
2015-08-24,8.08,1459000
2015-08-25,8.22,1459000
2015-08-27,8.07,1459000
2015-08-28,8.04,1599000
2015-09-01,7.98,2918000
2015-09-03,8.06,2918000
2015-09-04,8.06,3198000
2015-09-07,8.02,2918000
2015-09-08,8.09,2918000
2015-09-10,8.25,2918000
2015-09-11,8.22,3198000
2015-09-14,8.21,2918000
2015-09-15,8.17,2918000
2015-09-17,8.18,2918000
2015-09-18,8.16,3198000
2015-09-21,8.04,2918000
2015-09-22,7.98,2918000
2015-09-23,8.04,2854000
2015-09-24,7.99,2918000
2015-09-25,7.94,3198000
2015-09-28,7.92,2918000
2015-09-29,7.87,2918000
2015-10-01,8.2,2918000
2015-10-02,8.1,3198000
2015-10-05,8.16,2918000
2015-10-06,8.16,2918000
2015-10-08,8.11,2918000
2015-10-09,8.16,3198000
2015-10-12,8.26,2918000
2015-10-13,8.3,2918000
2015-10-15,8.46,2918000
2015-10-16,8.37,3198000
2015-10-19,8.35,2918000
2015-10-20,8.32,2918000
2015-10-22,8.44,2918000
2015-10-23,8.52,3198000
2015-10-26,8.55,2918000
2015-10-27,8.63,2918000
2015-10-29,8.59,2918000
2015-10-30,8.59,3198000
2015-11-02,8.54,2918000
2015-11-03,8.58,2918000
2015-11-05,8.4,2918000
2015-11-06,8.45,3198000
2015-11-09,8.35,2918000
2015-11-10,8.28,2918000
2015-11-12,8.36,2918000
2015-11-13,8.34,3198000
2015-11-16,8.43,2918000
2015-11-17,8.49,2918000
2015-11-18,8.51,2855500
2015-11-19,8.57,2918000
2015-11-20,8.59,3198000
2015-11-23,8.46,2918000
2015-11-24,8.63,2918000
2015-11-26,8.61,2918000
2015-11-27,8.54,3198000
2015-11-30,8.55,2918000
2015-12-01,8.52,2918000
2015-12-03,8.44,2918000
2015-12-04,8.56,3198000
2015-12-07,8.42,2918000
2015-12-08,8.33,2918000
2015-12-10,8.32,2918000
2015-12-11,7.98,3181500
2015-12-14,7.92,2918000
2015-12-15,8.05,2918000
2015-12-17,8.12,2818500
2016-01-11,7.45,3425000
2016-01-12,7.04,3425000
2016-01-14,7.05,3425000
2016-01-15,6.71,3495000
2016-01-18,6.52,3425000
2016-01-19,6.81,3425000
2016-01-21,6.04,3425000
2016-01-22,6.33,3495000
2016-01-25,5.93,3425000
2016-01-26,5.8,3425000
2016-01-28,6.02,3425000
2016-01-29,6.06,3495000
2016-02-01,5.75,3425000
2016-02-02,5.57,3425000
2016-02-03,5.7,3526000
2016-02-04,5.55,3425000
2016-02-05,5.55,3495000
2016-02-08,5.25,3425000
2016-02-09,5.19,3425000
2016-02-11,4.65,3425000
2016-02-12,4.94,3495000
2016-02-15,4.97,3425000
2016-02-16,4.78,3425000
2016-02-18,5.22,3425000
2016-02-19,5.26,3495000
2016-02-22,5.2,3425000
2016-02-23,5.14,3425000
2016-02-25,4.78,3425000
2016-02-26,5.08,3495000
2016-02-29,4.85,3425000
2016-03-01,4.9,3425000
2016-03-02,4.8,3526000
2016-03-03,4.88,3425000
2016-03-04,4.8,3495000
2016-03-07,4.95,3425000
2016-03-08,5.0,3425000
2016-03-10,5.0,3425000
2016-03-11,5.01,3495000
2016-03-14,4.92,3425000
2016-03-15,4.81,3425000
2016-03-17,4.92,3425000
2016-03-18,4.92,3495000
2016-03-21,4.86,3425000
2016-03-22,4.8,3425000
2016-03-24,4.76,3425000
2016-03-29,4.75,3425000
2016-03-30,4.77,3526000
2016-03-31,4.97,3425000
2016-04-01,5.18,3495000
2016-04-04,5.08,3425000
2016-04-05,5.26,3425000
2016-04-07,5.23,3425000
2016-04-08,5.23,3495000
2016-04-11,5.42,3425000
2016-04-12,5.63,3425000
2016-04-14,5.47,3425000
2016-04-15,5.54,3495000
2016-04-18,5.38,3425000
2016-04-19,5.47,3425000
2016-04-21,5.58,3425000
2016-04-22,5.74,3495000
2016-04-25,5.92,3425000
2016-04-26,6.08,3425000
2016-04-27,6.94,3526000
2016-04-28,6.64,3425000
2016-04-29,6.29,3495000
2016-05-03,5.88,3425000
2016-05-06,6.13,3495000
2016-05-09,5.96,3425000
2016-05-10,5.65,3425000
2016-05-12,6.04,3425000
2016-05-13,5.75,3495000
2016-05-17,5.94,3425000
2016-05-19,5.87,3425000
2016-05-20,5.95,3495000
2016-05-23,5.85,3425000
2016-05-24,5.73,3425000
2016-05-27,5.9,3495000
2016-05-31,6.0,3425000
2016-06-02,5.96,3425000
2016-06-03,5.96,3495000
2016-06-06,6.05,3425000
2016-06-07,6.14,3425000
2016-06-09,6.05,3425000
2016-06-10,5.93,3495000
2016-06-13,5.83,3425000
2016-06-14,5.78,3425000
2016-06-16,5.82,3425000
2016-06-17,5.68,3495000
2016-06-20,5.76,3425000
2016-06-21,5.68,3425000
2016-06-22,5.55,4407500
2016-06-23,5.6,3425000
2016-06-24,4.96,3495000
2016-06-27,4.86,3425000
2016-06-28,4.8,3425000
2016-06-30,4.47,3425000
2016-07-01,4.35,3495000
2016-07-04,4.77,3425000
2016-07-05,4.86,3425000
2016-07-07,4.7,3425000
2016-07-08,4.45,3495000
2016-07-11,4.45,3425000
2016-07-12,4.53,3425000
2016-07-14,4.79,3425000
2016-07-15,4.65,3495000
2016-07-18,4.97,3425000
2016-07-19,4.75,3425000
2016-07-20,4.65,4407500
2016-07-21,4.7,3425000
2016-07-22,4.6,3495000
2016-07-25,4.56,3425000
2016-07-26,4.51,3425000
2016-07-28,4.58,3425000
2016-07-29,4.38,3495000
2016-08-01,4.38,1712500
2016-08-02,4.32,1712500
2016-08-04,4.6,1712500
2016-08-05,4.75,1747500
2016-08-08,4.79,1712500
2016-08-09,4.87,1712500
2016-08-11,4.75,1712500
2016-08-12,4.86,1747500
2016-08-16,4.78,1712500
2016-08-17,4.65,2644500
2016-08-18,4.55,1712500
2016-08-19,4.71,1747500
2016-08-26,4.71,1747500
2016-09-02,4.32,3495000
2016-09-05,4.02,3664000
2016-09-06,3.94,3664000
2016-09-08,4.02,3664000
2016-09-09,4.07,3495000
2016-09-12,3.94,3664000
2016-09-13,3.97,3664000
2016-09-15,3.94,3664000
2016-09-16,4.26,3495000
2016-09-19,4.23,3664000
2016-09-20,4.3,3664000
2016-09-22,4.33,3664000
2016-09-23,4.38,3495000
2016-09-26,4.5,3664000
2016-09-27,4.51,3664000
2016-09-29,5.06,3664000
2016-09-30,5.0,3495000
2016-10-04,5.17,3664000
2016-10-06,5.68,3664000
2016-10-07,5.62,3495000
2016-10-10,5.53,3664000
2016-10-11,5.58,3664000
2016-10-13,5.59,3664000
2016-10-14,5.65,3495000
2016-10-17,5.84,3664000
2016-10-18,5.89,3664000
2016-10-20,5.7,3664000
2016-10-21,5.58,3495000
2016-10-24,5.92,3664000
2016-10-25,5.78,3664000
2016-10-27,5.9,3664000
2016-10-28,5.7,3495000
2016-10-31,5.76,3664000
2016-11-03,6.35,3664000
2016-11-04,6.54,3495000
2016-11-07,6.46,3664000
2016-11-08,6.1,3664000
2016-11-10,5.95,3664000
2016-11-11,5.85,3495000
2016-11-14,5.54,3664000
2016-11-15,5.55,3664000
2016-11-17,5.6,3664000
2016-11-18,5.73,3495000
2016-11-21,5.44,3664000
2016-11-22,5.42,3664000
2016-11-24,5.29,3664000
2016-11-25,5.05,3495000
2016-11-28,4.8,3664000
2016-11-29,4.56,3664000
2016-12-01,4.44,3664000
2016-12-02,4.32,3495000
2016-12-05,4.16,3664000
2016-12-06,4.15,3664000
2016-12-08,4.23,3664000
2016-12-09,4.48,3495000
2016-12-12,4.65,3664000
2016-12-13,4.82,3664000
2016-12-15,4.96,3684500
2016-12-16,4.59,3495500
2017-01-09,5.0,4261500
2017-01-10,5.6,4261500
2017-01-12,5.3,4261500
2017-01-13,5.06,4473000
2017-01-16,4.96,4261500
2017-01-17,4.8,4261500
2017-01-19,4.88,4261500
2017-01-20,5.16,4473000
2017-01-23,5.34,4261500
2017-01-24,5.23,4261500
2017-01-26,4.93,4261500
2017-01-27,5.05,4473000
2017-01-30,4.99,4261500
2017-01-31,5.2,4261500
2017-02-02,5.24,4261500
2017-02-03,5.22,4473000
2017-02-06,5.08,4261500
2017-02-07,5.08,4261500
2017-02-09,5.25,4261500
2017-02-10,5.3,4473000
2017-02-13,5.07,4261500
2017-02-14,4.95,4261500
2017-02-16,4.96,4261500
2017-02-17,4.85,4473000
2017-02-20,5.05,4261500
2017-02-21,5.09,4261500
2017-02-23,5.17,4261500
2017-02-24,5.31,4473000
2017-02-27,5.28,4261500
2017-02-28,5.15,4261500
2017-03-02,5.74,4261500
2017-03-03,5.55,4473000
2017-03-06,5.47,4261500
2017-03-07,5.43,4261500
2017-03-09,5.16,4261500
2017-03-10,5.08,4473000
2017-03-13,5.11,4261500
2017-03-14,5.16,4261500
2017-03-16,5.07,4261500
2017-03-17,5.13,4473000
2017-03-20,5.05,4261500
2017-03-21,4.93,4261500
2017-03-23,4.98,4261500
2017-03-24,4.88,4473000
2017-03-27,4.67,4261500
2017-03-28,4.63,4261500
2017-03-29,4.71,5738500
2017-03-30,4.63,4261500
2017-03-31,4.85,4473000
2017-04-03,4.7,4261500
2017-04-04,4.78,4261500
2017-04-06,4.86,4261500
2017-04-07,5.06,4473000
2017-04-10,4.84,4261500
2017-04-11,4.77,4261500
2017-04-12,4.84,4857000
2017-04-13,4.93,4261500
2017-04-18,4.85,4261500
2017-04-20,4.76,4261500
2017-04-21,4.73,4473000
2017-04-24,4.7,4261500
2017-04-25,4.62,4261500
2017-04-26,4.49,4857000
2017-04-27,4.57,4261500
2017-04-28,4.52,4473000
2017-05-02,4.48,4261500
2017-05-04,4.35,4261500
2017-05-05,4.52,4473000
2017-05-08,4.45,4261500
2017-05-09,4.37,4261500
2017-05-10,4.49,4857000
2017-05-11,4.37,4261500
2017-05-12,4.26,4473000
2017-05-15,4.41,4261500
2017-05-16,4.45,4261500
2017-05-18,4.68,4261500
2017-05-19,4.77,4473000
2017-05-22,4.87,4261500
2017-05-23,4.88,4261500
2017-05-24,4.81,4857000
2017-05-30,5.1,4261500
2017-06-01,5.05,4261500
2017-06-02,5.07,4473000
2017-06-06,5.16,4261500
2017-06-07,4.97,4857000
2017-06-08,4.96,4261500
2017-06-09,4.98,4473000
2017-06-12,5.03,4261500
2017-06-13,4.99,4261500
2017-06-19,4.84,4261500
2017-06-20,4.99,4261500
2017-06-21,4.95,4857000
2017-06-22,4.81,4261500
2017-06-23,4.87,4473000
2017-06-26,4.84,4261500
2017-06-27,4.8,4261500
2017-06-29,5.05,4261500
2017-06-30,5.02,4473000
2017-07-03,4.98,4261500
2017-07-04,5.06,4261500
2017-07-05,5.1,4857000
2017-07-06,5.07,4261500
2017-07-07,5.24,4473000
2017-07-10,5.5,4261500
2017-07-11,5.37,4261500
2017-07-13,5.46,4261500
2017-07-14,5.27,4473000
2017-07-17,5.4,4261500
2017-07-18,5.46,4261500
2017-07-19,5.39,4857000
2017-07-20,5.35,4261500
2017-07-21,5.23,4473000
2017-07-24,5.04,4261500
2017-07-25,5.12,4261500
2017-07-27,5.2,4261500
2017-07-28,5.06,4473000
2017-07-31,5.23,4261500
2017-08-01,5.6,2131500
2017-08-02,5.29,2428500
2017-08-03,5.38,2131500
2017-08-04,5.33,2236500
2017-08-07,5.24,2131500
2017-08-08,5.26,2131500
2017-08-10,5.4,2131500
2017-08-11,5.35,2236500
2017-08-14,5.41,2131500
2017-08-16,5.62,2428500
2017-08-17,5.9,2131500
2017-08-18,5.8,2236500
2017-08-21,5.81,2131500
2017-08-22,5.75,2131500
2017-08-24,5.98,2131500
2017-08-25,5.93,2236500
2017-08-29,6.07,2131500
2017-08-30,6.02,2428500
2017-08-31,5.91,2131500
2017-09-01,5.88,4473000
2017-09-04,5.8,4261500
2017-09-05,6.04,4261500
2017-09-08,6.9,4473000
2017-09-11,6.8,5329500
2017-09-12,6.65,5329500
2017-09-13,6.95,4857000
2017-09-14,7.42,5329500
2017-09-15,6.96,4473000
2017-09-18,6.85,5319000
2017-09-19,6.95,4261500
2017-09-21,6.68,4261500
2017-09-22,6.5,4473000
2017-09-25,6.8,4261500
2017-09-26,6.97,4261500
2017-09-27,6.75,4857000
2017-09-28,6.83,4261500
2017-09-29,7.09,4473000
2017-10-02,7.0,4261500
2017-10-05,6.92,4261500
2017-10-06,6.77,4473000
2017-10-09,6.92,4261500
2017-10-10,6.9,4261500
2017-10-11,7.4,4857000
2017-10-12,7.37,4261500
2017-10-13,7.3,4473000
2017-10-16,7.25,4261500
2017-10-17,7.45,4261500
2017-10-19,7.86,4261500
2017-10-20,7.56,4473000
2017-10-23,7.43,4261500
2017-10-24,7.41,4261500
2017-10-25,7.41,4857000
2017-10-26,7.46,4261500
2017-10-27,7.25,4473000
2017-10-30,7.15,4261500
2017-10-31,7.11,4261500
2017-11-02,7.52,4261500
2017-11-06,7.91,4261500
2017-11-07,7.89,4261500
2017-11-08,7.62,4857000
2017-11-09,7.79,4261500
2017-11-10,7.35,5591500
2017-11-13,7.26,4261500
2017-11-14,7.26,4261500
2017-11-16,7.68,4261500
2017-11-17,7.43,5591500
2017-11-20,7.32,4261500
2017-11-21,7.51,4261500
2017-11-22,7.46,4857000
2017-11-23,7.37,4261500
2017-11-24,7.7,5591000
2017-11-27,7.69,4261500
2017-11-28,7.59,4261500
2017-11-30,7.6,4261500
2017-12-01,7.5,5591000
2017-12-04,7.63,4261500
2017-12-05,7.49,4261500
2017-12-06,7.38,4855000
2017-12-07,7.23,4261500
2017-12-08,7.24,4473000
2017-12-11,7.1,4261500
2017-12-12,7.37,4261500
2017-12-14,6.96,4273000
2017-12-15,7.07,4481000
2018-01-08,7.83,4213000
2018-01-09,7.68,4213000
2018-01-11,7.89,4213000
2018-01-12,7.79,4360000
2018-01-15,7.72,4213000
2018-01-16,7.77,4213000
2018-01-17,7.99,3547000
2018-01-18,8.26,4213000
2018-01-19,8.6,4360000
2018-01-22,8.7,4213000
2018-01-23,8.88,4213000
2018-01-25,9.34,4213000
2018-01-26,9.02,4360000
2018-01-29,9.06,4213000
2018-01-30,8.86,4213000
2018-01-31,8.78,3547000
2018-02-01,9.37,4213000
2018-02-02,9.04,4360000
2018-02-05,8.66,4213000
2018-02-06,8.84,4213000
2018-02-08,8.93,4213000
2018-02-09,8.97,4360000
2018-02-12,9.08,4213000
2018-02-13,9.53,4213000
2018-02-14,9.88,3547000
2018-02-15,9.64,4213000
2018-02-16,9.53,4360000
2018-02-19,9.58,4213000
2018-02-20,9.7,4213000
2018-02-22,9.56,4213000
2018-02-23,9.68,4360000
2018-02-26,9.56,4213000
2018-02-27,9.54,4213000
2018-02-28,9.99,3547000
2018-03-01,9.92,4213000
2018-03-02,9.89,4360000
2018-03-05,10.05,4213000
2018-03-06,10.28,4213000
2018-03-08,10.77,4213000
2018-03-09,11.1,4360000
2018-03-12,11.32,4213000
2018-03-13,11.03,4213000
2018-03-14,11.25,3547000
2018-03-15,11.09,4213000
2018-03-16,10.97,4360000
2018-03-19,10.96,4213000
2018-03-20,11.17,4213000
2018-03-22,12.54,4213000
2018-03-23,12.37,4360000
2018-03-26,12.8,4213000
2018-03-27,13.26,4213000
2018-03-28,14.05,3547000
2018-04-03,12.9,5271500
2018-04-05,12.65,5267000
2018-04-06,12.68,4360000
2018-04-09,12.96,5264500
2018-04-10,13.1,5262000
2018-04-11,13.55,3547000
2018-04-12,13.15,4213000
2018-04-13,13.8,4360000
2018-04-16,13.84,4213000
2018-04-17,13.82,4213000
2018-04-19,13.99,4213000
2018-04-20,13.05,4360000
2018-04-23,12.75,4213000
2018-04-24,12.73,4213000
2018-04-25,13.09,3547000
2018-04-26,13.39,4213000
2018-04-27,13.28,4360000
2018-04-30,13.35,4213000
2018-05-03,12.77,4213000
2018-05-04,12.78,4360000
2018-05-08,13.51,4213000
2018-05-09,13.92,3547000
2018-05-14,14.2,4213000
2018-05-15,14.7,4213000
2018-05-17,15.05,4213000
2018-05-18,15.2,4360000
2018-05-22,15.88,4213000
2018-05-23,15.81,3547000
2018-05-24,16.23,4213000
2018-05-25,15.89,4360000
2018-05-29,16.25,4213000
2018-05-31,15.4,4213000
2018-06-01,14.9,4360000
2018-06-04,15.28,4213000
2018-06-05,16.35,4213000
2018-06-06,15.7,3547000
2018-06-07,16.14,4213000
2018-06-08,15.78,4360000
2018-06-11,15.7,4213000
2018-06-12,15.08,4213000
2018-06-14,15.44,4213000
2018-06-15,14.62,4360000
2018-06-18,14.52,4213000
2018-06-19,14.35,4213000
2018-06-20,14.43,3547000
2018-06-21,14.2,4213000
2018-06-22,14.78,4360000
2018-06-25,15.03,4213000
2018-06-26,14.86,4213000
2018-06-28,15.22,4213000
2018-06-29,14.85,4360000
2018-07-02,14.95,4213000
2018-07-03,15.15,4213000
2018-07-04,15.35,3547000
2018-07-05,15.4,4213000
2018-07-06,15.55,4360000
2018-07-09,15.85,4213000
2018-07-10,16.15,4213000
2018-07-12,16.22,4213000
2018-07-13,15.8,4360000
2018-07-16,16.14,4213000
2018-07-17,15.87,4213000
2018-07-18,16.17,3547000
2018-07-19,16.46,4213000
2018-07-20,16.9,4360000
2018-07-23,17.2,4213000
2018-07-24,17.45,4213000
2018-07-26,16.99,4213000
2018-07-27,16.91,4360000
2018-07-30,16.9,4213000
2018-07-31,16.87,4213000
2018-08-01,17.38,1773500
2018-08-02,17.58,2104000
2018-08-03,17.62,2180000
2018-08-06,17.62,2104000
2018-08-07,17.47,2104000
2018-08-09,17.47,2104000
2018-08-10,17.72,2180000
2018-08-13,17.93,2104000
2018-08-14,18.03,2104000
2018-08-16,18.0,2104000
2018-08-17,18.1,2180000
2018-08-20,18.2,2104000
2018-08-21,18.55,2104000
2018-08-23,20.05,2104000
2018-08-24,20.55,2180000
2018-08-28,21.3,2104000
2018-08-29,20.9,1773500
2018-08-30,21.09,2104000
2018-08-31,21.11,2180000
2018-09-03,20.45,4213000
2018-09-04,20.5,4213000
2018-09-07,22.51,4360000
2018-09-10,24.85,4213000
2018-09-11,24.15,4213000
2018-09-12,23.55,3547000
2018-09-13,21.9,4213000
2018-09-14,19.51,4360000
2018-09-17,20.6,4213000
2018-09-18,20.75,4213000
2018-09-20,21.8,4213000
2018-09-24,22.39,4213000
2018-09-25,21.9,4213000
2018-09-26,20.4,3547000
2018-09-27,19.87,4213000
2018-09-28,20.3,5450000
2018-10-01,20.7,4213000
2018-10-02,21.45,4213000
2018-10-04,21.15,4213000
2018-10-05,21.14,5450000
2018-10-08,22.09,4213000
2018-10-09,21.32,4213000
2018-10-10,20.7,3547000
2018-10-11,18.57,4213000
2018-10-12,19.95,5450000
2018-10-15,20.03,4213000
2018-10-16,17.9,4213000
2018-10-18,18.53,4213000
2018-10-19,19.17,5450000
2018-10-22,19.1,4213000
2018-10-23,18.5,4213000
2018-10-24,19.1,3547000
2018-10-25,18.72,4213000
2018-10-26,18.98,4360000
2018-10-29,17.91,4213000
2018-10-30,16.87,4213000
2018-11-01,15.85,4213000
2018-11-02,16.15,4360000
2018-11-05,16.4,4213000
2018-11-06,16.99,4213000
2018-11-07,18.25,3547000
2018-11-08,19.56,4213000
2018-11-09,19.25,4360000
2018-11-12,20.01,4213000
2018-11-13,19.76,4213000
2018-11-15,18.46,4213000
2018-11-19,18.43,4213000
2018-11-20,19.4,4213000
2018-11-21,19.84,3547000
2018-11-22,20.3,4213000
2018-11-26,19.71,4213000
2018-11-27,19.77,4213000
2018-11-29,19.35,4213000
2018-12-03,20.52,4213000
2018-12-04,20.35,4213000
2018-12-05,20.21,3543000
2018-12-06,18.55,4213000
2018-12-10,19.77,4213000
2018-12-11,20.77,4213000
2018-12-13,21.88,4213000
2018-12-17,23.4,4148000
2019-01-07,23.01,2495000
2019-01-08,22.4,2495000
2019-01-10,21.4,2495000
2019-01-14,21.95,2495000
2019-01-15,22.55,2495000
2019-01-16,22.72,4428500
2019-01-17,23.55,2495000
2019-01-21,24.22,2495000
2019-01-22,24.42,2495000
2019-01-24,24.6,2495000
2019-01-28,23.01,2495000
2019-01-29,22.43,2495000
2019-01-30,22.91,4428500
2019-01-31,22.3,2495000
2019-02-01,21.38,3209000
2019-02-04,21.38,2495000
2019-02-05,22.93,2495000
2019-02-07,23.8,2495000
2019-02-08,23.28,3209000
2019-02-11,21.8,2495000
2019-02-12,21.71,2495000
2019-02-13,20.01,4428500
2019-02-14,20.86,2495000
2019-02-15,19.99,3209000
2019-02-18,20.14,2495000
2019-02-19,20.26,2495000
2019-02-21,19.85,2495000
2019-02-22,18.35,3209000
2019-02-25,18.62,2495000
2019-02-26,19.6,2495000
2019-02-27,20.31,4428500
2019-02-28,20.9,2495000
2019-03-01,21.31,3209000
2019-03-04,22.12,2495000
2019-03-05,22.86,2495000
2019-03-07,22.03,2495000
2019-03-08,22.88,3209000
2019-03-11,22.6,2495000
2019-03-12,22.48,2495000
2019-03-13,21.99,4428500
2019-03-14,22.23,2495000
2019-03-15,22.77,3209000
2019-03-18,21.5,2495000
2019-03-19,21.35,2495000
2019-03-21,21.1,2495000
2019-03-22,20.64,3209000
2019-03-25,20.6,2495000
2019-03-26,21.17,2495000
2019-03-27,21.45,4428500
2019-03-28,21.55,2495000
2019-03-29,21.83,3209000
2019-04-01,21.06,2495000
2019-04-02,21.4,2495000
2019-04-04,23.65,2495000
2019-04-05,24.17,3209000
2019-04-08,24.07,2495000
2019-04-09,25.2,2495000
2019-04-10,26.21,4428500
2019-04-11,25.88,2495000
2019-04-12,26.72,3209000
2019-04-15,27.0,2495000
2019-04-16,26.8,2495000
2019-04-18,26.92,2495000
2019-04-23,27.17,2495000
2019-04-24,27.02,4428500
2019-04-25,27.46,2495000
2019-04-26,26.79,3209000
2019-04-29,25.81,2495000
2019-04-30,25.85,2495000
2019-05-02,25.04,2495000
2019-05-03,24.32,3209000
2019-05-07,25.65,2495000
2019-05-08,25.82,4428500
2019-05-09,26.81,2495000
2019-05-10,26.35,3209000
2019-05-13,25.25,2495000
2019-05-14,25.03,2495000
2019-05-16,25.81,2495000
2019-05-17,25.01,3209000
2019-05-20,24.91,2495000
2019-05-21,25.01,2495000
2019-05-22,25.4,4428500
2019-05-23,26.05,2495000
2019-05-24,25.61,3209000
2019-05-28,25.3,2495000
2019-06-03,23.96,2775500
2019-06-04,23.86,2775500
2019-06-05,24.42,4428500
2019-06-06,24.07,2775500
2019-06-07,24.24,3209000
2019-06-11,25.12,2775500
2019-06-13,24.92,2775500
2019-06-14,24.67,3209000
2019-06-17,24.78,2775500
2019-06-18,24.98,2775500
2019-06-19,24.98,4428500
2019-06-20,24.86,2775500
2019-06-21,24.87,3209000
2019-06-24,25.64,2775500
2019-06-27,27.1,3469000
2019-06-28,26.4,3209000
2019-07-01,26.72,3469000
2019-07-02,27.22,3469000
2019-07-03,26.33,4428500
2019-07-04,26.22,3470500
2019-07-05,25.84,3209000
2019-07-08,26.6,2775500
2019-07-09,26.68,2775500
2019-07-11,28.5,2775500
2019-07-12,28.25,3209000
2019-07-15,29.15,2775500
2019-07-16,29.1,2775000
2019-07-17,27.97,4428500
2019-07-18,27.99,2775000
2019-07-19,28.15,3209000
2019-07-22,28.96,2775000
2019-07-23,29.05,2775000
2019-07-25,29.46,2775000
2019-07-26,28.51,3209000
2019-07-29,28.8,2775000
2019-07-30,28.18,2775000
2019-07-31,28.04,4428500
2019-08-01,28.9,1387500
2019-08-02,29.1,1604500
2019-08-05,28.82,1387500
2019-08-06,28.48,1387500
2019-08-08,28.68,1387500
2019-08-09,28.37,1604500
2019-08-12,27.7,1387500
2019-08-13,27.1,1387500
2019-08-14,27.15,2214500
2019-08-15,26.41,1387500
2019-08-16,26.12,1604500
2019-08-19,26.25,1387500
2019-08-20,26.94,1387500
2019-08-22,25.78,1387500
2019-08-23,25.33,1604500
2019-08-27,25.25,1387500
2019-08-28,26.0,2214500
2019-08-29,25.93,1505500
2019-08-30,26.8,1604500
2019-09-02,25.4,2744500
2019-09-03,24.82,2744500
2019-09-06,25.46,2834500
2019-09-09,25.01,2744500
2019-09-10,25.5,2744500
2019-09-11,26.68,4714500
2019-09-12,26.55,2744500
2019-09-13,26.22,2834500
2019-09-16,26.58,2744500
2019-09-17,26.75,2744500
2019-09-19,25.56,2744500
2019-09-20,26.17,2834500
2019-09-23,25.93,2744500
2019-09-24,25.59,2744500
2019-09-25,25.17,4714500
2019-09-26,25.21,2744500
2019-09-27,25.3,2834500
2019-09-30,25.03,2744500
2019-10-01,24.4,2744500
2019-10-03,24.03,2744500
2019-10-04,23.41,2834500
2019-10-07,22.77,2744500
2019-10-08,23.37,2744500
2019-10-09,22.16,4714500
2019-10-10,22.83,2744500
2019-10-11,23.62,2834500
2019-10-14,23.82,2744500
2019-10-15,24.48,2744500
2019-10-17,25.96,2744500
2019-10-18,25.64,2834500
2019-10-21,25.9,2744500
2019-10-22,25.7,2744500
2019-10-23,25.09,4714500
2019-10-24,24.61,2744500
2019-10-25,24.86,2834500
2019-10-28,24.68,2744000
2019-10-29,25.4,2744000
2019-10-31,25.95,2744000
2019-11-01,25.71,2834500
2019-11-04,24.93,2744000
2019-11-05,25.8,2744000
2019-11-06,25.1,4714500
2019-11-07,24.86,2744000
2019-11-08,24.62,2834500
2019-11-11,25.21,2744000
2019-11-12,24.95,2744000
2019-11-14,24.28,2744000
2019-11-15,23.41,2834500
2019-11-18,23.41,2744000
2019-11-19,23.62,2744000
2019-11-20,23.34,4714500
2019-11-21,23.96,2744000
2019-11-22,24.32,2834500
2019-11-25,24.52,2744000
2019-11-26,24.29,2744000
2019-11-28,24.91,2744000
2019-11-29,25.03,2834500
2019-12-02,24.62,2744000
2019-12-03,24.41,2744000
2019-12-04,24.1,4717500
2019-12-05,24.5,2744000
2019-12-06,24.7,2834500
2019-12-09,24.4,2744000
2019-12-10,24.98,2744000
2019-12-12,24.62,2744000
2019-12-13,25.33,2840000
2019-12-16,24.21,3013000
2020-01-07,24.06,2717500
2020-01-09,24.01,2717500
2020-01-10,24.48,2363000
2020-01-13,24.03,2717500
2020-01-14,23.74,2717500
2020-01-15,24.2,5332000
2020-01-16,24.85,2717500
2020-01-17,25.01,2363000
2020-01-20,25.6,2717500
2020-01-21,25.1,2717500
2020-01-23,24.65,2717500
2020-01-24,24.48,2363000
2020-01-27,24.04,2717500
2020-01-28,24.55,2717500
2020-01-29,24.04,5332000
2020-01-30,23.74,2717500
2020-01-31,23.48,2363000
2020-02-03,23.2,2717500
2020-02-04,23.33,2717500
2020-02-06,23.4,2717500
2020-02-07,23.17,2363000
2020-02-10,22.91,2717500
2020-02-11,23.15,2717500
2020-02-12,23.35,5332000
2020-02-13,23.52,2717500
2020-02-14,24.27,2363000
2020-02-17,24.11,2717500
2020-02-18,24.8,2717500
2020-02-20,25.5,2717500
2020-02-21,25.15,2363000
2020-02-24,24.64,2717500
2020-02-25,24.32,2717500
2020-02-26,23.85,5332000
2020-02-27,23.8,2717500
2020-02-28,23.46,2363000
2020-03-02,23.96,2717500
2020-03-03,23.26,2717500
2020-03-05,23.9,2717500
2020-03-06,23.36,2363000
2020-03-09,22.65,2717500
2020-03-10,23.76,2717500
2020-03-11,23.63,5332000
2020-03-12,22.85,2717500
2020-03-13,22.78,2363000
2020-03-16,20.64,2717500
2020-03-19,16.03,3396500
2020-03-20,16.35,2363000
2020-03-23,14.6,3396500
2020-03-24,16.25,3396500
2020-03-25,16.95,5332000
2020-03-26,16.3,3398000
2020-03-27,16.55,2363000
2020-03-30,16.32,2717500
2020-03-31,17.4,2717500
2020-04-02,17.52,2717500
2020-04-03,17.9,2363000
2020-04-06,18.36,2717500
2020-04-07,21.11,2717500
2020-04-08,20.07,5332000
2020-04-09,21.4,2717500
2020-04-14,20.17,2717500
2020-04-16,20.1,2717500
2020-04-17,21.87,2363000
2020-04-20,21.24,2717000
2020-04-21,20.4,2717000
2020-04-22,19.75,5332000
2020-04-23,20.24,2717000
2020-04-24,20.49,2363000
2020-04-27,20.4,2717000
2020-04-28,19.99,2717000
2020-04-30,19.97,2717000
2020-05-05,19.01,2717000
2020-05-06,18.85,5332000
2020-05-07,19.0,2717000
2020-05-08,19.38,2363000
2020-05-11,18.81,2717000
2020-05-12,18.72,2717000
2020-05-14,18.37,2717000
2020-05-15,19.02,2363000
2020-05-18,19.3,2717000
2020-05-19,20.02,2717000
2020-05-20,20.11,5332000
2020-05-26,21.45,2717000
2020-05-28,20.95,2717000
2020-05-29,21.7,2363000
2020-06-02,21.15,2717000
2020-06-03,21.98,5332000
2020-06-04,21.77,2717000
2020-06-05,22.5,2363000
2020-06-08,22.66,2717000
2020-06-09,22.3,2717000
2020-06-11,22.2,2717000
2020-06-12,22.15,2363000
2020-06-15,21.8,2717000
2020-06-16,22.87,2717000
2020-06-17,22.81,5332000
2020-06-18,23.63,2717000
2020-06-19,24.18,2363000
2020-06-22,24.15,2717000
2020-06-23,24.85,2717000
2020-06-25,25.15,2717000
2020-06-26,24.9,2363000
2020-06-29,24.74,2717000
2020-06-30,25.99,2717000
2020-07-01,26.88,5332000
2020-07-02,27.25,2717000
2020-07-03,27.0,2363000
2020-07-06,28.86,2717000
2020-07-07,29.34,2717000
2020-07-09,28.48,2717000
2020-07-10,27.66,2363000
2020-07-13,30.04,2717000
2020-07-14,29.2,2717000
2020-07-15,29.81,5332000
2020-07-16,28.13,3594000
2020-07-17,26.85,2363000
2020-07-20,26.85,3594000
2020-07-21,26.34,3594000
2020-07-23,26.76,3594000
2020-07-24,26.57,2363000
2020-07-27,25.53,3594000
2020-07-28,25.03,3594000
2020-07-29,25.96,5332000
2020-07-30,25.34,3594000
2020-07-31,26.3,2363000
2020-08-03,25.81,1797000
2020-08-04,25.95,1797000
2020-08-06,26.95,1797000
2020-08-07,26.16,1181500
2020-08-10,26.92,1797000
2020-08-11,26.71,1797000
2020-08-12,25.55,2666000
2020-08-13,25.94,1797000
2020-08-14,25.25,1181500
2020-08-17,25.42,1797000
2020-08-18,26.05,1797000
2020-08-20,25.7,1797000
2020-08-21,25.36,1181500
2020-08-24,26.6,1797000
2020-08-25,27.33,1797000
2020-08-26,28.42,2668500
2020-08-27,28.03,1901000
2020-08-28,29.5,1187000
2020-09-01,28.28,3952000
2020-09-04,28.8,2593000
2020-09-07,26.9,3952000
2020-09-08,27.25,3952000
2020-09-09,26.45,6398500
2020-09-10,27.46,3952000
2020-09-11,28.05,2593000
2020-09-14,28.66,3952000
2020-09-15,29.99,3952000
2020-09-17,29.1,3952000
2020-09-18,28.36,2593000
2020-09-21,27.12,3952000
2020-09-22,26.75,3952000
2020-09-23,27.31,6398500
2020-09-24,26.28,3952000
2020-09-25,26.2,2593000
2020-09-28,26.28,3952000
2020-09-29,27.09,3952000
2020-10-01,26.41,3952000
2020-10-02,26.11,2593000
2020-10-05,26.79,3952000
2020-10-06,26.68,3952000
2020-10-07,27.43,6398500
2020-10-08,26.4,3952000
2020-10-09,26.0,2593000
2020-10-12,25.54,3952000
2020-10-13,25.3,3952000
2020-10-15,25.15,3952000
2020-10-16,25.46,2593000
2020-10-19,24.85,3952000
2020-10-20,24.44,3952000
2020-10-21,23.96,6398500
2020-10-22,23.6,3952000
2020-10-23,24.92,2593000
2020-10-26,24.33,3952000
2020-10-27,23.55,3952000
2020-10-29,23.07,3951500
2020-10-30,23.45,2593000
2020-11-02,23.02,3951500
2020-11-03,24.4,3951500
2020-11-04,23.99,6398500
2020-11-05,25.55,3951500
2020-11-06,25.2,2593000
2020-11-09,25.41,3951500
2020-11-10,26.47,3951500
2020-11-12,25.9,3951500
2020-11-13,26.31,2593000
2020-11-16,26.67,3951500
2020-11-17,27.12,3951500
2020-11-18,27.42,6398500
2020-11-19,26.72,3951500
2020-11-20,26.8,2593000
2020-11-23,27.25,3951500
2020-11-24,26.97,3951500
2020-11-26,27.77,3951500
2020-11-27,28.23,2593000
2020-11-30,28.82,3951500
2020-12-01,29.24,3951500
2020-12-02,28.9,6398500
2020-12-03,29.1,3951500
2020-12-04,30.0,2593000
2020-12-07,29.49,3951500
2020-12-08,29.69,3951500
2020-12-10,30.04,3951500
2020-12-11,30.45,2598500
2020-12-14,30.92,3959500
2021-01-29,33.51,2651000
2021-02-01,32.66,3288500
2021-02-02,33.2,3288500
2021-02-03,38.0,2575000
2021-02-04,36.51,3288500
2021-02-05,37.61,2651000
2021-02-08,38.62,3288500
2021-02-09,37.58,3288500
2021-02-10,37.7,2575000
2021-02-11,39.62,3288500
2021-02-12,37.8,2651000
2021-02-15,39.82,3288500
2021-02-16,40.19,3288500
2021-02-17,38.42,2575000
2021-02-18,38.01,3288500
2021-02-19,38.36,2651000
2021-02-22,36.84,3288500
2021-02-23,37.5,3288500
2021-02-24,38.42,2575000
2021-02-25,38.88,3288500
2021-02-26,37.51,2651000
2021-03-01,37.66,3288500
2021-03-02,37.25,3288500
2021-03-03,37.56,2575000
2021-03-04,36.9,3288500
2021-03-05,38.08,2651000
2021-03-08,38.41,3288500
2021-03-09,39.4,3288500
2021-03-10,41.0,2575000
2021-03-11,40.92,3288500
2021-03-12,41.52,2651000
2021-03-15,42.84,3288500
2021-03-16,41.92,3288500
2021-03-17,41.52,2575000
2021-03-18,43.35,3288500
2021-03-19,41.91,2651000
2021-03-22,41.8,3288500
2021-03-23,41.77,3288500
2021-03-24,40.94,2575000
2021-03-25,40.69,3290000
2021-03-26,40.86,2651000
2021-03-29,40.71,3288500
2021-03-30,42.25,3288500
2021-03-31,42.26,2575000
2021-04-01,42.04,3288500
2021-04-06,43.05,3288500
2021-04-07,43.63,2575000
2021-04-08,43.45,3288500
2021-04-09,43.18,2651000
2021-04-12,43.86,3288500
2021-04-13,44.1,3288500
2021-04-14,43.9,2575000
2021-04-15,43.99,3288500
2021-04-16,44.5,2651000
2021-04-19,44.66,3288500
2021-04-20,44.2,3288500
2021-04-21,44.85,2575000
2021-04-22,46.6,3288500
2021-04-23,46.41,2651000
2021-04-26,47.24,3288500
2021-04-27,46.55,3288500
2021-04-28,48.0,2575000
2021-04-29,47.25,3288500
2021-04-30,47.68,2651000
2021-05-04,49.33,3288500
2021-05-05,48.62,2575000
2021-05-06,49.45,3288500
2021-05-07,49.46,2651000
2021-05-10,51.81,3288500
2021-05-11,51.59,3288500
2021-05-12,53.95,2575000
2021-05-17,55.57,3288500
2021-05-18,55.53,3288500
2021-05-19,52.12,2575000
2021-05-20,50.84,3288500
2021-05-21,52.71,2651000
2021-05-25,53.09,3288500
2021-05-26,54.07,2575000
2021-05-27,52.11,3288500
2021-05-28,51.08,2651000
2021-06-01,52.58,3288500
2021-06-02,51.5,2575000
2021-06-03,51.9,3288500
2021-06-04,49.55,2651000
2021-06-07,48.56,3288500
2021-06-08,52.03,3288500
2021-06-09,53.7,2575000
2021-06-10,53.3,3288500
2021-06-11,53.12,2651000
2021-06-14,53.6,3288500
2021-06-15,51.18,3288500
2021-06-16,50.83,2575000
2021-06-17,50.84,3288500
2021-06-18,51.51,2651000
2021-06-21,52.09,3288500
2021-06-22,52.97,3288500
2021-06-23,53.62,2575000
2021-06-24,54.85,3288500
2021-06-25,55.69,2651000
2021-06-28,55.06,3288500
2021-06-29,55.39,3290000
2021-06-30,55.57,2575000
2021-07-01,58.01,3288500
2021-07-02,57.11,2651000
2021-07-05,57.91,3288500
2021-07-06,57.15,3288500
2021-07-07,53.98,2575000
2021-07-08,51.09,3288500
2021-07-09,53.85,2651000
2021-07-12,52.5,3288500
2021-07-13,52.44,3288500
2021-07-14,52.0,2575000
2021-07-15,52.28,3288500
2021-07-16,53.33,2651000
2021-07-19,53.55,3288500
2021-07-20,51.74,3288500
2021-07-21,51.7,2575000
2021-07-22,51.44,3288500
2021-07-23,50.13,2651000
2021-07-26,51.79,3288500
2021-07-27,52.8,3288500
2021-07-28,53.45,2575000
2021-07-29,54.02,3288500
2021-07-30,53.0,2651000
2021-08-02,54.6,1644500
2021-08-03,54.17,1644500
2021-08-04,55.0,1287500
2021-08-05,54.84,1644500
2021-08-06,56.72,1325500
2021-08-09,56.0,1644500
2021-08-10,57.1,1644500
2021-08-11,56.69,1287500
2021-08-12,57.36,1644500
2021-08-13,55.6,1325500
2021-08-16,57.18,1644500
2021-08-17,57.4,1644500
2021-08-18,57.7,1287500
2021-08-19,55.81,1644500
2021-08-20,54.4,1325500
2021-08-23,55.95,1644500
2021-08-24,55.72,1644500
2021-08-25,56.63,1300500
2021-08-26,55.61,1644500
2021-08-27,57.51,1328500
2021-08-31,60.11,1759500
2021-09-01,61.29,2066500
2021-09-03,61.25,1805000
2021-09-06,62.87,2515500
2021-09-07,61.71,2515500
2021-09-08,61.93,2066500
2021-09-09,61.98,2515500
2021-09-10,61.85,1805000
2021-09-13,61.91,2515500
2021-09-14,61.51,2515500
2021-09-15,60.32,2066500
2021-09-16,59.89,2515500
2021-09-17,59.6,1805000
2021-09-20,58.56,2524000
2021-09-21,60.31,2515500
2021-09-22,60.02,2066500
2021-09-23,59.45,2515500
2021-09-24,61.24,1805000
2021-09-27,64.0,2515500
2021-09-28,65.0,2515500
2021-09-29,61.83,2066500
2021-09-30,61.37,2515500
2021-10-01,62.04,1805000
2021-10-04,63.56,2515500
2021-10-05,63.66,2515500
2021-10-06,61.36,2066500
2021-10-07,58.99,2515500
2021-10-08,59.92,1805000
2021-10-11,59.33,2515500
2021-10-12,58.86,2515500
2021-10-13,59.63,2066500
2021-10-14,59.43,2515500
2021-10-15,61.01,1805000
2021-10-18,58.85,2515500
2021-10-19,57.58,2515500
2021-10-20,56.0,2066500
2021-10-21,57.1,2515500
2021-10-22,59.5,1805000
2021-10-25,58.94,2515500
2021-10-26,58.96,2515500
2021-10-27,58.92,2066500
2021-10-28,58.93,2515500
2021-10-29,59.4,1805000
2021-11-01,59.98,2515500
2021-11-02,57.8,2515500
2021-11-03,59.78,2066500
2021-11-04,59.81,2515500
2021-11-05,61.05,1805000
2021-11-08,60.06,2515500
2021-11-09,60.11,2515500
2021-11-10,60.25,2066500
2021-11-11,62.31,2515500
2021-11-12,63.53,1805000
2021-11-15,64.4,2515500
2021-11-16,67.5,2515500
2021-11-17,67.14,2066500
2021-11-18,66.51,2515500
2021-11-19,69.21,1805000
2021-11-22,69.7,2515500
2021-11-23,69.88,2515500
2021-11-24,69.51,2066500
2021-11-25,72.15,2515500
2021-11-26,71.95,1805000
2021-11-29,74.48,2515500
2021-11-30,74.82,2515500
2021-12-01,76.38,2066500
2021-12-02,77.1,2515500
2021-12-03,78.76,1805000
2021-12-06,80.0,2515500
2021-12-07,82.87,2515500
2021-12-08,87.45,2066500
2021-12-09,84.93,2515500
2021-12-10,79.83,1805000
2021-12-13,85.0,2515500
2021-12-14,79.99,2515500
2021-12-15,79.29,2074000
2021-12-16,80.5,2515500
2021-12-17,82.25,1807500
2021-12-20,74.57,2542500
2022-01-10,82.71,2449000
2022-01-11,81.9,2449000
2022-01-13,79.05,2449000
2022-01-14,81.52,1944000
2022-01-17,80.21,2449000
2022-01-18,79.22,2449000
2022-01-19,80.7,2658000
2022-01-20,80.8,2449000
2022-01-21,84.03,1944000
2022-01-24,85.75,2449000
2022-01-25,84.48,2449000
2022-01-27,88.51,2449000
2022-01-28,89.25,1944000
2022-01-31,88.03,2449000
2022-02-02,91.61,2658000
2022-02-03,92.65,3062000
2022-02-04,94.65,1944000
2022-02-07,93.5,3062000
2022-02-08,97.51,3062000
2022-02-10,90.6,3059000
2022-02-11,89.98,1944000
2022-02-14,90.73,2449000
2022-02-15,90.35,2449000
2022-02-16,88.05,2658000
2022-02-17,87.5,2449000
2022-02-18,87.65,1944000
2022-02-21,87.99,2449000
2022-02-22,88.4,2449000
2022-02-23,92.8,1108500
2022-02-24,88.0,2449000
2022-02-25,86.9,1944000
2022-02-28,80.92,2449000
2022-03-01,79.96,2449000
2022-03-03,63.87,2449000
2022-03-04,67.22,1944000
2022-03-07,57.91,2449000
2022-03-08,62.01,2449000
2022-03-10,70.04,2449000
2022-03-11,76.5,1944000
2022-03-14,78.6,2449000
2022-03-15,75.55,2449000
2022-03-16,75.25,3322500
2022-03-17,76.87,2449000
2022-03-18,79.21,1944000
2022-03-21,77.76,2506500
2022-03-22,79.05,2506500
2022-03-24,76.15,2507500
2022-03-25,78.5,1944000
2022-03-28,80.76,2506500
2022-03-29,80.51,2506500
2022-03-30,77.22,3322500
2022-03-31,79.25,2506500
2022-04-01,78.0,1944000
2022-04-04,77.5,2506500
2022-04-05,78.33,2506500
2022-04-07,77.13,2506500
2022-04-08,80.21,1944000
2022-04-11,79.02,2506500
2022-04-12,77.36,2506500
2022-04-13,77.27,3322500
2022-04-14,78.8,2506500
2022-04-19,79.4,2506500
2022-04-21,85.9,2506500
2022-04-22,87.4,1944000
2022-04-25,85.81,2506500
2022-04-26,83.43,2506500
2022-04-27,79.99,3322500
2022-04-28,80.55,2506500
2022-04-29,82.86,1944000
2022-05-02,82.84,2506500
2022-05-03,84.25,2506500
2022-05-05,87.8,2506500
2022-05-06,90.77,1944000
2022-05-09,90.11,2506500
2022-05-10,86.5,2506500
2022-05-11,89.0,2658000
2022-05-12,86.95,2506500
2022-05-13,88.75,1944000
2022-05-16,88.81,2506500
2022-05-17,90.33,2506500
2022-05-19,82.28,2506500
2022-05-20,81.15,1944000
2022-05-23,78.96,2506500
2022-05-24,78.88,2506500
2022-05-25,80.43,2658000
2022-05-30,83.75,2506500
2022-05-31,83.63,2506500
2022-06-07,81.69,2295500
2022-06-08,79.11,2658000
2022-06-09,80.21,2295500
2022-06-10,80.73,1944000
2022-06-13,80.1,2295500
2022-06-14,82.31,2295500
2022-06-16,85.95,2295500
2022-06-17,83.0,1944000
2022-06-20,83.51,2295500
2022-06-21,84.26,2295500
2022-06-22,83.06,2658000
2022-06-23,81.07,2295500
2022-06-24,82.9,1944000
2022-06-27,83.01,2295500
2022-06-28,84.54,2296500
2022-06-30,88.02,2295500
2022-07-01,88.22,1944000
2022-07-04,84.34,2295500
2022-07-05,83.38,2295500
2022-07-06,82.63,2658000
2022-07-07,83.36,2295500
2022-07-08,82.63,1944000
2022-07-11,83.4,2295500
2022-07-12,83.89,2295500
2022-07-14,83.0,2295500
2022-07-15,83.71,1944000
2022-07-18,83.33,2295500
2022-07-19,83.61,2295500
2022-07-20,81.22,2658000
2022-07-21,77.6,2295500
2022-07-22,78.06,1944000
2022-07-25,76.09,2295500
2022-07-26,76.51,2295500
2022-07-28,77.08,2295500
2022-07-29,77.96,1944000
2022-08-01,79.5,1146500
2022-08-02,80.51,1146500
2022-08-03,83.45,1329000
2022-08-04,83.81,1146500
2022-08-05,84.5,972000
2022-08-08,84.6,1146500
2022-08-09,84.06,1146500
2022-08-11,86.35,1146500
2022-08-12,87.3,972000
2022-08-15,89.5,1146500
2022-08-16,90.64,1146500
2022-08-17,94.07,1329000
2022-08-18,94.0,1146500
2022-08-19,96.87,972000
2022-08-22,97.5,1146500
2022-08-23,92.52,1146500
2022-08-25,89.3,1146500
2022-08-26,89.56,982000
2022-08-29,88.81,1146500
2022-08-30,85.13,1295500
2022-08-31,78.96,1334500
2022-09-01,77.01,2510500
2022-09-02,78.41,1861500
2022-09-05,73.75,2510500
2022-09-06,71.05,2510500
2022-09-09,65.21,1861500
2022-09-12,65.96,2510500
2022-09-13,70.48,2510500
2022-09-14,68.29,3101500
2022-09-15,70.84,2510500
2022-09-16,71.0,1861500
2022-09-19,71.11,2510500
2022-09-20,70.38,2510500
2022-09-21,70.39,929000
2022-09-22,69.88,2511500
2022-09-23,67.56,1861500
2022-09-26,66.02,2510500
2022-09-27,67.7,2510500
2022-09-28,64.71,3101500
2022-09-29,64.7,2510500
2022-09-30,66.87,1861500
2022-10-03,64.45,2510500
2022-10-04,66.17,2510500
2022-10-06,65.76,2510500
2022-10-07,67.52,1861500
2022-10-10,67.01,2510500
2022-10-11,66.34,2510500
2022-10-12,65.76,3101500
2022-10-13,66.65,2510500
2022-10-14,67.7,1861500
2022-10-17,66.25,2510500
2022-10-18,67.11,2510500
2022-10-20,67.01,2510500
2022-10-21,67.9,1861500
2022-10-24,68.02,2510500
2022-10-25,74.17,2510500
2022-10-26,76.51,3101500
2022-10-27,77.1,2510500
2022-10-28,80.76,1861500
2022-10-31,78.69,2510500
2022-11-01,78.76,2510500
2022-11-03,76.63,2510500
2022-11-04,78.14,1861500
2022-11-07,76.75,2510500
2022-11-08,76.02,2510500
2022-11-09,75.35,3101500
2022-11-10,71.62,2510500
2022-11-11,73.33,1861500
2022-11-14,74.85,2510500
2022-11-15,74.93,2510500
2022-11-17,73.31,2510500
2022-11-18,72.22,1861500
2022-11-21,73.36,2510500
2022-11-22,73.54,2510500
2022-11-23,74.08,3101500
2022-11-24,76.64,2510500
2022-11-25,79.36,1861500
2022-11-28,77.61,2510500
2022-11-29,78.88,2510500
2022-12-01,86.11,2510500
2022-12-02,85.21,1861500
2022-12-05,85.69,2510500
2022-12-06,86.48,2510500
2022-12-07,87.0,3102500
2022-12-08,87.91,2510500
2022-12-09,88.26,1861500
2022-12-12,88.35,2510500
2022-12-13,89.01,2510500
2022-12-15,86.16,2510500
2022-12-16,83.41,1865500
2022-12-19,84.1,2568500
2023-01-09,75.27,2409000
2023-01-10,78.61,2409000
2023-01-12,76.8,2409000
2023-01-13,76.42,1939500
2023-01-16,75.05,2409000
2023-01-17,75.04,2409000
2023-01-18,76.25,2676000
2023-01-19,82.06,2409000
2023-01-20,81.01,1939500
2023-01-23,81.52,2409000
2023-01-24,80.88,2409000
2023-01-26,83.51,2409000
2023-01-27,86.71,1939500
2023-01-30,85.2,2409000
2023-01-31,86.68,2409000
2023-02-01,91.91,2676000
2023-02-02,93.5,2409000
2023-02-03,91.15,1939500
2023-02-06,91.78,2409000
2023-02-07,87.52,2409000
2023-02-09,87.36,2409000
2023-02-10,89.7,1939500
2023-02-13,88.86,2409000
2023-02-14,89.96,2409000
2023-02-15,87.75,2676000
2023-02-16,92.85,2409000
2023-02-17,93.69,1939500
2023-02-20,93.73,2409000
2023-02-21,95.35,2409000
2023-02-23,93.26,2409000
2023-02-24,95.83,1939500
2023-02-27,95.12,2409000
2023-02-28,96.33,2409000
2023-03-01,95.89,2676000
2023-03-02,93.25,2409000
2023-03-03,88.81,1939500
2023-03-06,91.01,2409000
2023-03-07,91.56,2409000
2023-03-09,95.43,2409000
2023-03-10,95.16,1939500
2023-03-13,94.36,2409000
2023-03-14,92.34,2409000
2023-03-15,90.31,2676000
2023-03-16,83.25,2409000
2023-03-17,86.5,1939500
2023-03-20,82.46,2409000
2023-03-21,87.14,2409000
2023-03-23,88.27,2410500
2023-03-24,88.09,1939500
2023-03-27,85.18,2409000
2023-03-28,86.54,2409000
2023-03-29,87.16,2676000
2023-03-30,87.42,2409000
2023-03-31,88.61,1939500
2023-04-03,89.82,2409000
2023-04-04,94.12,2409000
2023-04-06,94.3,2409000
2023-04-11,95.52,2409000
2023-04-12,93.9,2676000
2023-04-13,90.51,2409000
2023-04-14,92.3,1939500
2023-04-17,90.55,2409000
2023-04-18,90.55,2409000
2023-04-20,90.68,2409000
2023-04-21,88.6,1939500
2023-04-24,85.7,2409000
2023-04-25,84.73,2409000
2023-04-26,83.31,2676000
2023-04-27,85.0,2409000
2023-04-28,84.0,1939500
2023-05-02,83.24,2409000
2023-05-04,82.23,2409000
2023-05-05,84.38,1939500
2023-05-08,82.99,2409000
2023-05-09,83.84,2409000
2023-05-10,85.85,2676000
2023-05-11,86.75,2409000
2023-05-12,86.67,1939500
2023-05-15,85.7,2409000
2023-05-16,85.05,2409000
2023-05-22,85.2,2409000
2023-05-23,84.32,2409000
2023-05-24,83.0,2676000
2023-05-25,81.12,2409000
2023-05-26,81.11,1939500
2023-05-30,79.79,2409000
2023-06-01,78.62,2409000
2023-06-02,78.2,1939500
2023-06-05,78.55,2409000
2023-06-06,80.07,2409000
2023-06-07,78.25,2676000
2023-06-08,81.54,2409000
2023-06-09,83.11,1939500
2023-06-12,83.45,2409000
2023-06-13,86.44,2409000
2023-06-15,91.67,2409000
2023-06-16,89.3,1939500
2023-06-19,90.16,2409000
2023-06-20,91.55,2409000
2023-06-21,90.35,2676000
2023-06-22,87.11,2409000
2023-06-23,88.9,1939500
2023-06-26,86.01,2409000
2023-06-27,85.35,2410000
2023-06-29,86.6,2409000
2023-06-30,85.31,1939500
2023-07-03,87.11,2658000
2023-07-04,85.0,2658000
2023-07-05,84.84,2676000
2023-07-06,84.18,2658000
2023-07-07,84.82,1939500
2023-07-10,85.0,2658000
2023-07-11,83.62,2658000
2023-07-13,84.25,2658000
2023-07-14,85.51,1939500
2023-07-17,84.72,2658000
2023-07-18,84.9,2658000
2023-07-19,86.03,2676000
2023-07-20,87.76,2658000
2023-07-21,89.36,1939500
2023-07-24,90.3,2658000
2023-07-25,90.25,2658000
2023-07-27,88.02,2658000
2023-07-28,87.33,1939500
2023-07-31,86.65,2658000
2023-08-01,84.69,1329000
2023-08-02,81.88,1338000
2023-08-03,83.52,1329000
2023-08-04,83.33,970000
2023-08-07,82.28,1329000
2023-08-08,81.46,1329000
2023-08-10,82.24,1329000
2023-08-11,84.2,970000
2023-08-14,85.34,1329000
2023-08-15,86.71,1329000
2023-08-16,87.01,1338000
2023-08-17,86.84,1329000
2023-08-18,86.68,970000
2023-08-21,86.0,1329000
2023-08-22,87.86,1329000
2023-08-24,85.51,1329000
2023-08-25,85.5,976500
2023-08-28,84.7,1329000
2023-08-29,84.64,1329000
2023-08-30,84.57,1344500
2023-08-31,85.52,1581500
2023-09-01,84.0,2147000
2023-09-04,83.42,3035500
2023-09-05,83.41,3035500
2023-09-08,82.09,2147000
2023-09-11,80.98,3035500
2023-09-12,80.6,3035500
2023-09-13,80.5,3347500
2023-09-14,81.69,3035500
2023-09-15,82.33,2147000
2023-09-18,80.26,3035500
2023-09-19,79.5,3035500
2023-09-21,81.78,3036500
2023-09-22,84.03,2147000
2023-09-25,83.92,3035500
2023-09-26,82.44,3035500
2023-09-27,81.37,3347500
2023-09-28,81.9,3035500
2023-09-29,81.65,2147000
2023-10-02,80.95,3035500
2023-10-03,79.17,3035500
2023-10-04,78.78,1000000
2023-10-05,80.5,3035500
2023-10-06,79.95,2147000
2023-10-09,80.43,3035500
2023-10-10,81.82,3035500
2023-10-11,82.68,3347500
2023-10-12,83.35,3035500
2023-10-13,84.61,2147000
2023-10-16,83.4,3035500
2023-10-17,81.69,3035500
2023-10-19,79.99,3035500
2023-10-20,81.19,2147000
2023-10-23,79.92,3035500
2023-10-24,80.4,3035500
2023-10-25,79.85,3347500
2023-10-26,79.48,3035500
2023-10-27,79.41,2147000
2023-10-30,79.78,3035500
2023-10-31,77.65,3035500
2023-11-02,77.88,3035500
2023-11-03,78.35,2147000
2023-11-06,76.02,3035500
2023-11-07,75.58,3035500
2023-11-08,74.56,3347500
2023-11-09,75.75,3035500
2023-11-10,76.46,2147000
2023-11-13,77.01,3035500
2023-11-14,76.62,3035500
2023-11-16,79.0,3035500
2023-11-17,76.55,2147000
2023-11-20,76.35,3035500
2023-11-21,75.69,3035500
2023-11-22,74.84,3347500
2023-11-23,74.5,3035500
2023-11-24,75.9,2147000
2023-11-27,74.57,3035500
2023-11-28,71.71,3035500
2023-11-30,70.79,3035500
2023-12-01,71.45,2147000
2023-12-04,71.34,3035500
2023-12-05,69.94,3035500
2023-12-06,68.71,3350000
2023-12-07,68.76,3035500
2023-12-08,69.84,2147000
2023-12-11,67.82,3035500
2023-12-12,66.72,3035500
2023-12-14,68.45,3035500
2023-12-15,66.6,2151000
2023-12-18,66.49,3041500
2024-01-15,63.5,3099500
2024-01-16,63.2,3099500
2024-01-17,62.96,2310000
2024-01-18,61.28,3099500
2024-01-19,61.93,1796000
2024-01-22,59.74,3099500
2024-01-23,60.55,3099500
2024-01-25,61.95,3099500
2024-01-26,61.95,1796000
2024-01-29,60.81,3099500
2024-01-30,59.82,3099500
2024-01-31,62.27,2310000
2024-02-01,61.09,3099500
2024-02-02,60.92,1796000
2024-02-05,60.68,3099500
2024-02-06,60.25,3099500
2024-02-08,59.85,3099500
2024-02-09,57.24,1796000
2024-02-12,55.84,3099500
2024-02-13,54.24,3099500
2024-02-14,54.07,2310000
2024-02-15,54.87,3099500
2024-02-16,55.12,1796000
2024-02-19,53.0,3099500
2024-02-20,51.8,3099500
2024-02-22,51.55,3099500
2024-02-23,49.5,1796000
2024-02-26,50.65,3099500
2024-02-27,51.12,3099500
2024-02-28,54.94,2310000
2024-02-29,54.9,3099500
2024-03-01,53.6,1796000
2024-03-04,51.76,3099500
2024-03-05,59.14,3099500
2024-03-07,56.94,3099500
2024-03-08,57.1,1796000
2024-03-11,54.43,3099500
2024-03-12,54.21,3099500
2024-03-13,54.92,2310000
2024-03-14,54.25,3099500
2024-03-15,57.75,1796000
2024-03-18,59.42,3099500
2024-03-19,59.0,3099500
2024-03-21,58.0,3104500
2024-03-22,57.93,1796000
2024-03-25,62.09,3099500
2024-03-26,63.25,3099500
2024-03-27,60.56,2310000
2024-03-28,59.86,3099500
2024-04-02,57.07,3099500
2024-04-04,56.37,3099500
2024-04-05,57.17,1796000
2024-04-08,58.41,3099500
2024-04-09,61.3,3099500
2024-04-10,63.0,2310000
2024-04-11,63.42,3099500
2024-04-12,68.01,1796000
2024-04-15,68.17,3099500
2024-04-16,70.61,3099500
2024-04-18,67.15,3099500
2024-04-19,67.77,1796000
2024-04-22,65.1,3099500
2024-04-23,64.28,3099500
2024-04-24,65.35,2310000
2024-04-25,65.08,3099500
2024-04-26,65.66,1796000
2024-04-29,63.52,3099500
2024-04-30,65.26,3099500
2024-05-02,68.1,3099500
2024-05-03,71.18,1796000
2024-05-06,70.3,3099500
2024-05-07,69.16,3099500
2024-05-08,68.99,2310000
2024-05-13,68.48,3099500
2024-05-14,67.67,3099500
2024-05-16,68.26,3099500
2024-05-17,69.46,1796000
2024-05-20,71.24,3099500
2024-05-21,71.8,3099500
2024-05-22,74.31,2310000
2024-05-23,74.9,3099500
2024-05-24,72.8,1796000
2024-05-28,72.9,3099500
2024-05-30,72.0,3099500
2024-05-31,74.49,1796000
2024-06-03,75.35,3099500
2024-06-04,71.5,3099500
2024-06-05,70.3,2310000
2024-06-06,71.0,3099500
2024-06-07,69.9,1796000
2024-06-10,67.82,3099500
2024-06-11,70.31,3099500
2024-06-13,69.77,3099500
2024-06-14,68.41,1796000
2024-06-17,66.66,3099500
2024-06-18,66.97,3099500
2024-06-19,67.75,2310000
2024-06-20,68.61,3104000
2024-06-21,67.36,1796000
2024-06-24,66.06,3099500
2024-06-25,65.94,3099500
2024-06-27,66.17,3099500
2024-06-28,65.01,1796000
2024-07-01,67.83,3099500
2024-07-02,66.71,3099500
2024-07-03,68.84,2310000
2024-07-04,68.71,3099500
2024-07-05,68.68,1796000
2024-07-08,70.0,3099500
2024-07-09,66.87,3099500
2024-07-11,66.72,3099500
2024-07-12,67.06,1796000
2024-07-15,66.63,3099500
2024-07-16,66.16,3099500
2024-07-17,66.66,2310000
2024-07-18,64.96,3099500
2024-07-19,64.73,1796000
2024-07-22,64.37,3099500
2024-07-23,63.67,3099500
2024-07-25,66.71,3099500
2024-07-26,66.33,1796000
2024-07-29,67.17,3099500
2024-07-30,66.55,3099500
2024-07-31,67.85,2310000
2024-08-01,68.07,3099500
2024-08-02,69.76,1796000
2024-08-05,67.02,3099500
2024-08-06,68.65,3099500
2024-08-08,68.9,3099500
2024-08-09,70.46,1796000
2024-08-12,71.15,3099500
2024-08-13,70.82,3099500
2024-08-14,70.59,2310000
2024-08-15,69.85,3099500
2024-08-16,71.0,1796000
2024-08-19,71.5,3099500
2024-08-20,72.4,3099500
2024-08-22,71.02,3099500
2024-08-23,70.73,1796000
2024-08-26,69.28,3099500
2024-08-27,70.17,3099500
2024-08-28,70.39,2313500
2024-08-29,69.5,3125000
2024-08-30,70.07,1810000
2024-09-02,69.3,3287500
2024-09-03,68.56,3287500
2024-09-05,65.99,3287500
2024-09-06,67.0,1886500
2024-09-09,65.75,3287500
2024-09-10,65.83,3287500
2024-09-11,64.75,2833500
2024-09-12,65.1,3287500
2024-09-13,64.89,1886500
2024-09-16,64.94,3287500
2024-09-17,62.71,3287500
2024-09-19,63.56,3290500
2024-09-20,63.18,1886500
2024-09-23,64.0,3287500
2024-09-24,63.91,3287500
2024-09-25,63.55,2833500
2024-09-26,63.88,3287500
2024-09-27,65.45,1886500
2024-09-30,65.69,3287500
2024-10-01,63.19,3287500
2024-10-02,62.89,926500
2024-10-03,62.02,3287500
2024-10-04,61.03,1886500
2024-10-07,60.15,3287500
2024-10-08,59.85,3287500
2024-10-09,61.18,2833500
2024-10-10,63.3,3287500
2024-10-11,63.71,1886500
2024-10-14,65.0,3287500
2024-10-15,64.08,3287500
2024-10-17,63.1,3287500
2024-10-18,61.9,1886500
2024-10-21,62.3,3287500
2024-10-22,61.22,3287500
2024-10-23,63.75,2833500
2024-10-24,64.6,3287500
2024-10-25,66.32,1886500
2024-10-28,64.38,3287500
2024-10-29,66.42,3287500
2024-10-31,64.78,3287500
